{
  "$schema": "http://json-schema.org/schema#",
  "type": "object",
  "title": "Values",
  "properties": {
    "standaloneCollector": {
      "description": "Configuration for standalone OpenTelemetry Collector deployment",
      "type": "object",
      "properties": {
        "enabled": {
          "type": "boolean"
        }
      },
      "required": ["enabled"]
    },
    "agentCollector": {
      "description": "Configuration for OpenTelemetry Collector daemonset",
      "type": "object",
      "properties": {
        "enabled": {
          "type": "boolean"
        }
      },
      "required": ["enabled"]
    }
  },
  "anyOf": [
    {"properties": {"standaloneCollector": {"properties": {"enabled": {"const": true}}}}},
    {"properties": {"agentCollector": {"properties": {"enabled": {"const": true}}}}}
  ]
}
