{
  "$schema": "http://json-schema.org/schema#",
  "type": "object",
  "title": "Values",
  "additionalProperties": false,
  "properties": {
    "enabled": {
      "description": "Usually used when using Opentelemetry-collector as a subchart.",
      "type": "boolean"
    },
    "global": {
      "type": "object"
    },
    "nameOverride": {
      "description": "Override name of the chart used in Kubernetes object names.",
      "type": "string"
    },
    "fullnameOverride": {
      "description": "Override fully qualified app name.",
      "type": "string"
    },
    "mode": {
      "type": "string",
      "enum": [
        "daemonset",
        "deployment",
        ""
      ]
    },
    "configMap": {
      "type": "object",
      "properties": {
        "create": {
          "description": "Specifies whether a configMap should be created (true by default).",
          "type": "boolean"
        }
      }
    },
    "config": {
      "description": "Configuration that applies to both standalone and agent collector. Overwritable by standalone and agent specific configs.",
      "type": "object"
    },
    "image": {
      "description": "Image use in both standalone and agent configs",
      "type": "object",
      "additionalProperties": false,
      "properties": {
        "repository": {
          "type": "string"
        },
        "tag": {
          "type": "string"
        },
        "pullPolicy": {
          "type": "string",
          "enum": [
            "IfNotPresent",
            "Always",
            "Never"
          ]
        }
      }
    },
    "imagePullSecrets": {
      "type": "array",
      "items": {
        "type": "object"
      }
    },
    "command": {
      "description": "OpenTelemetry Collector executable",
      "type": "object",
      "additionalProperties": false,
      "properties": {
        "name": {
          "type": "string"
        },
        "extraArgs": {
          "type": "array",
          "items": {
            "type": "string"
          }
        }
      }
    },
    "serviceAccount": {
      "type": "object",
      "additionalProperties": false,
      "properties": {
        "create": {
          "type": "boolean"
        },
        "annotations": {
          "type": "object"
        },
        "name": {
          "type": "string"
        }
      },
      "required": [
        "create"
      ]
    },
    "clusterRole": {
      "type": "object",
      "additionalProperties": false,
      "properties": {
        "create": {
          "type": "boolean"
        },
        "annotations": {
          "type": "object"
        },
        "name": {
          "type": "string"
        },
        "rules": {
          "type": "array",
          "items": {
            "type": "object"
          }
        },
        "clusterRoleBinding": {
          "type": "object",
          "additionalProperties": false,
          "properties": {
            "annotations": {
              "type": "object"
            },
            "name": {
              "type": "string"
            }
          }
        }
      },
      "required": [
        "create"
      ]
    },
    "podSecurityContext": {
      "type": "object"
    },
    "securityContext": {
      "type": "object"
    },
    "nodeSelector": {
      "type": "object"
    },
    "tolerations": {
      "type": "array",
      "items": {
        "type": "object"
      }
    },
    "affinity": {
      "type": "object"
    },
    "priorityClassName": {
      "type": "string"
    },
    "initContainers": {
      "type": "array",
      "items": {
        "type": "object",
        "additionalProperties": true,
        "properties": {
          "name": {
            "type": "string"
          }
        },
        "required": [
          "name"
        ]
      }
    },
    "extraEnvs": {
      "type": "array",
      "items": {
        "type": "object"
      }
    },
    "extraConfigMapMounts": {
      "type": "array",
      "items": {
        "type": "object"
      }
    },
    "extraHostPathMounts": {
      "type": "array",
      "items": {
        "type": "object"
      }
    },
    "secretMounts": {
      "type": "array",
      "items": {
        "type": "object"
      }
    },
    "extraVolumes": {
      "type": "array",
      "items": {
        "type": "object"
      }
    },
    "extraVolumeMounts": {
      "type": "array",
      "items": {
        "type": "object"
      }
    },
    "ports": {
      "type": "object",
      "patternProperties": {
        ".*": {
          "type": "object",
          "additionalProperties": false,
          "properties": {
            "enabled": {
              "type": "boolean"
            },
            "containerPort": {
              "type": "integer"
            },
            "servicePort": {
              "type": "integer"
            },
            "hostPort": {
              "type": "integer"
            },
            "protocol": {
              "type": "string"
            }
          },
          "required": [
            "enabled"
          ]
        }
      }
    },
    "containerLogs": {
      "type": "object",
      "properties": {
        "enabled": {
          "type": "boolean"
        }
      },
      "required": [
        "enabled"
      ]
    },
    "resources": {
      "type": "object",
      "additionalProperties": false,
      "properties": {
        "limits": {
          "type": "object",
          "additionalProperties": false,
          "properties": {
            "cpu": {
              "type": [
                "string",
                "integer"
              ]
            },
            "memory": {
              "type": "string"
            }
          }
        },
        "requests": {
          "type": "object",
          "additionalProperties": false,
          "properties": {
            "cpu": {
              "type": [
                "string",
                "integer"
              ]
            },
            "memory": {
              "type": "string"
            }
          }
        }
      }
    },
    "lifecycleHooks": {
      "type": "object",
      "additionalProperties": false,
      "properties": {
        "postStart": {
          "type": "object",
          "additionalProperties": false,
          "properties": {
            "exec": {
              "type": "object",
              "additionalProperties": false,
              "properties": {
                "command": {
                  "type": "array",
                  "items": {
                    "type": "string"
                  }
                }
              }
            },
            "httpGet": {
              "type": "object",
              "additionalProperties": false,
              "properties": {
                "host": {
                  "type": "string"
                },
                "httpHeaders": {
                  "type": "array"
                },
                "path": {
                  "type": "string"
                },
                "port": {
                  "type": "integer"
                },
                "scheme": {
                  "type": "string"
                }
              }
            }
          },
          "oneOf": [
            {
              "required": [
                "exec"
              ]
            },
            {
              "required": [
                "httpGet"
              ]
            }
          ]
        },
        "preStop": {
          "type": "object",
          "additionalProperties": false,
          "properties": {
            "exec": {
              "type": "object",
              "additionalProperties": false,
              "properties": {
                "command": {
                  "type": "array",
                  "items": {
                    "type": "string"
                  }
                }
              }
            },
            "httpGet": {
              "type": "object",
              "additionalProperties": false,
              "properties": {
                "host": {
                  "type": "string"
                },
                "httpHeaders": {
                  "type": "array"
                },
                "path": {
                  "type": "string"
                },
                "port": {
                  "type": "integer"
                },
                "scheme": {
                  "type": "string"
                }
              }
            }
          },
          "oneOf": [
            {
              "required": [
                "exec"
              ]
            },
            {
              "required": [
                "httpGet"
              ]
            }
          ]
        }
      }
    },
    "podAnnotations": {
      "type": "object"
    },
    "podLabels": {
      "type": "object"
    },
    "hostNetwork": {
      "type": "boolean"
    },
    "dnsPolicy": {
      "type": "string",
      "enum": [
        "ClusterFirst",
        "ClusterFirstWithHostNet",
        "Default",
        "None",
        ""
      ]
    },
    "replicaCount": {
      "type": "integer"
    },
    "annotations": {
      "type": "object"
    },
    "service": {
      "type": "object",
      "additionalProperties": false,
      "properties": {
        "type": {
          "type": "string",
          "enum": [
            "ClusterIP",
            "NodePort",
            "LoadBalancer",
            "ExternalName"
          ]
        },
        "annotations": {
          "type": "object"
        }
      }
    },
    "ingress": {
      "type": "object",
      "properties": {
        "enabled": {
          "type": "boolean"
        },
        "annotations": {
          "type": "object"
        }
      },
      "required": [
        "enabled"
      ]
    },
    "podMonitor": {
      "type": "object",
      "properties": {
        "enabled": {
          "type": "boolean"
        },
        "metricsEndpoints": {
          "type": "array",
          "items": {
            "type": "object"
          }
        },
        "extraLabels": {
          "type": "object"
        }
      },
      "required": [
        "enabled"
      ]
    },
    "serviceMonitor": {
      "type": "object",
      "properties": {
        "enabled": {
          "type": "boolean"
        },
        "metricsEndpoints": {
          "type": "array",
          "items": {
            "type": "object"
          }
        },
        "extraLabels": {
          "type": "object"
        }
      },
      "required": [
        "enabled"
      ]
    },
    "podDisruptionBudget": {
      "type": "object",
      "properties": {
        "enabled": {
          "type": "boolean"
        }
      },
      "required": [
        "enabled"
      ]
    },
    "autoscaling": {
      "type": "object",
      "properties": {
        "enabled": {
          "type": "boolean"
        },
        "minReplicas": {
          "type": "integer"
        },
        "maxReplicas": {
          "type": "integer"
        },
        "targetCPUUtilizationPercentage": {
          "type": "integer"
        }
      },
      "required": [
        "enabled"
      ]
    },
    "prometheusRule": {
      "type": "object",
      "properties": {
        "enabled": {
          "type": "boolean"
        },
        "groups": {
          "type": "array",
          "items": {
            "type": "object"
          }
        },
        "defaultRules": {
          "type": "object",
          "properties": {
            "enabled": {
              "type": "boolean"
            }
          },
          "required": [
            "enabled"
          ]
        },
        "extraLabels": {
          "type": "object"
        }
      },
      "required": [
        "enabled"
      ]
    }
  },
  "required": [
    "mode"
  ]
}
